{
  "model": "/local_nvme/guanyiming/models/Qwen/Qwen2.5-14B-Instruct",
  "n_traj": 12,
  "n_success": 6,
  "max_steps": 8,
  "dtype": "bfloat16",
  "summary": {
    "obs_nll_last": {
      "mean": 1.9037508400537635,
      "std": 1.774826222138599,
      "n": 93
    },
    "wm_A": {
      "mean": 3.8853326612903225,
      "std": 2.4381962866207063,
      "n": 93
    },
    "wm_B": {
      "mean": 4.853452620967742,
      "std": 2.890157007493825,
      "n": 93
    },
    "action_nll": {
      "mean": 1.8099588373655915,
      "std": 0.7844708360458008,
      "n": 93
    },
    "wm_gap": {
      "mean": 0.9681199596774194,
      "std": 1.3709061958063176,
      "n": 93
    },
    "obs_nll_success": {
      "mean": 2.1176649305555557,
      "std": 2.044084517267365,
      "n": 45
    },
    "obs_nll_failure": {
      "mean": 1.7032063802083333,
      "std": 1.4501325611562277,
      "n": 48
    }
  },
  "per_traj": [
    {
      "idx": 0,
      "success": true,
      "obs_nll_last": [
        0.0,
        2.203125,
        0.46875,
        1.8515625,
        0.6875,
        5.84375,
        2.546875,
        2.09375
      ],
      "wm_A": [
        1.6875,
        0.515625,
        1.78125,
        1.890625,
        9.4375,
        6.84375,
        1.96875,
        3.0
      ],
      "wm_B": [
        2.390625,
        2.21875,
        2.734375,
        2.71875,
        8.5,
        10.5625,
        2.0,
        4.9375
      ],
      "action_nll": [
        3.828125,
        1.3203125,
        0.87890625,
        0.85546875,
        0.55078125,
        1.578125,
        1.9140625,
        1.7734375
      ]
    },
    {
      "idx": 1,
      "success": true,
      "obs_nll_last": [
        0.0,
        3.859375,
        1.34375,
        0.412109375,
        1.1015625,
        1.3046875,
        4.21875,
        0.328125
      ],
      "wm_A": [
        2.0625,
        1.4140625,
        3.15625,
        1.765625,
        4.21875,
        7.25,
        2.046875,
        1.3671875
      ],
      "wm_B": [
        3.4375,
        1.6171875,
        3.5,
        1.96875,
        4.59375,
        7.03125,
        2.015625,
        1.9296875
      ],
      "action_nll": [
        2.765625,
        2.640625,
        2.28125,
        1.8671875,
        2.015625,
        1.9140625,
        1.15625,
        2.609375
      ]
    },
    {
      "idx": 2,
      "success": true,
      "obs_nll_last": [
        0.0,
        3.375,
        1.375,
        4.21875,
        1.1953125,
        1.3125
      ],
      "wm_A": [
        1.515625,
        2.46875,
        4.34375,
        3.34375,
        1.65625,
        2.734375
      ],
      "wm_B": [
        2.609375,
        3.5,
        5.25,
        3.640625,
        1.75,
        4.03125
      ],
      "action_nll": [
        2.65625,
        1.6484375,
        0.828125,
        3.546875,
        0.470703125,
        1.5078125
      ]
    },
    {
      "idx": 3,
      "success": true,
      "obs_nll_last": [
        0.0,
        1.828125,
        1.4375,
        1.4921875,
        2.015625,
        4.96875,
        3.875
      ],
      "wm_A": [
        1.609375,
        1.53125,
        1.7421875,
        2.84375,
        10.1875,
        8.4375,
        5.65625
      ],
      "wm_B": [
        1.703125,
        2.0625,
        2.40625,
        3.71875,
        9.4375,
        12.375,
        7.53125
      ],
      "action_nll": [
        2.78125,
        1.6953125,
        0.7109375,
        0.96484375,
        1.546875,
        2.296875,
        1.6640625
      ]
    },
    {
      "idx": 4,
      "success": true,
      "obs_nll_last": [
        0.0,
        8.1875,
        2.90625,
        3.046875,
        2.640625,
        2.28125,
        1.3046875,
        0.51171875
      ],
      "wm_A": [
        7.28125,
        5.65625,
        8.4375,
        4.1875,
        8.5,
        2.046875,
        1.8984375,
        8.6875
      ],
      "wm_B": [
        9.625,
        6.96875,
        8.75,
        4.59375,
        8.3125,
        2.078125,
        2.859375,
        7.53125
      ],
      "action_nll": [
        2.46875,
        2.078125,
        0.96875,
        0.85546875,
        0.84375,
        1.765625,
        1.015625,
        0.76171875
      ]
    },
    {
      "idx": 5,
      "success": true,
      "obs_nll_last": [
        0.0,
        9.75,
        0.6015625,
        0.91796875,
        2.640625,
        1.5625,
        2.65625,
        0.9296875
      ],
      "wm_A": [
        7.625,
        3.515625,
        1.9296875,
        5.8125,
        2.421875,
        8.0625,
        2.0625,
        4.09375
      ],
      "wm_B": [
        10.0,
        3.890625,
        3.53125,
        4.9375,
        2.4375,
        11.25,
        3.046875,
        5.6875
      ],
      "action_nll": [
        2.96875,
        1.6953125,
        2.203125,
        2.40625,
        2.421875,
        1.984375,
        0.8046875,
        1.1171875
      ]
    },
    {
      "idx": 6,
      "success": false,
      "obs_nll_last": [
        0.0,
        2.53125,
        0.376953125,
        0.31640625,
        1.6015625,
        5.375,
        0.42578125,
        0.212890625
      ],
      "wm_A": [
        2.03125,
        0.51171875,
        1.140625,
        2.78125,
        7.25,
        3.734375,
        1.8984375,
        3.515625
      ],
      "wm_B": [
        2.25,
        2.484375,
        2.671875,
        4.25,
        9.6875,
        4.25,
        2.328125,
        4.25
      ],
      "action_nll": [
        4.15625,
        1.6875,
        2.265625,
        1.828125,
        1.8359375,
        1.9140625,
        1.3046875,
        2.140625
      ]
    },
    {
      "idx": 7,
      "success": false,
      "obs_nll_last": [
        0.0,
        6.625,
        3.34375,
        2.0,
        1.5859375,
        2.203125,
        0.79296875,
        0.53515625
      ],
      "wm_A": [
        3.75,
        3.90625,
        3.171875,
        2.578125,
        3.453125,
        0.76953125,
        1.8125,
        3.4375
      ],
      "wm_B": [
        10.875,
        5.09375,
        3.484375,
        3.125,
        4.9375,
        0.83203125,
        2.3125,
        4.6875
      ],
      "action_nll": [
        4.1875,
        2.5,
        2.546875,
        1.234375,
        1.671875,
        0.921875,
        0.59765625,
        1.3125
      ]
    },
    {
      "idx": 8,
      "success": false,
      "obs_nll_last": [
        0.0,
        2.53125,
        2.125,
        1.03125,
        0.84765625,
        3.09375,
        2.015625,
        1.109375
      ],
      "wm_A": [
        2.296875,
        3.546875,
        1.5390625,
        1.7265625,
        9.0625,
        6.78125,
        2.59375,
        8.0
      ],
      "wm_B": [
        3.046875,
        4.4375,
        1.6328125,
        3.0625,
        7.75,
        15.3125,
        3.28125,
        10.375
      ],
      "action_nll": [
        2.109375,
        2.03125,
        1.7734375,
        0.7578125,
        0.5,
        1.7265625,
        1.4609375,
        1.796875
      ]
    },
    {
      "idx": 9,
      "success": false,
      "obs_nll_last": [
        0.0,
        2.28125,
        3.03125,
        2.25,
        0.92578125,
        1.703125,
        2.21875,
        0.703125
      ],
      "wm_A": [
        1.828125,
        5.75,
        8.125,
        4.09375,
        6.75,
        7.0,
        3.03125,
        1.8984375
      ],
      "wm_B": [
        2.796875,
        5.53125,
        8.5,
        4.5,
        8.1875,
        7.9375,
        3.78125,
        2.453125
      ],
      "action_nll": [
        3.25,
        2.328125,
        1.984375,
        1.375,
        1.46875,
        1.0546875,
        1.5703125,
        1.6171875
      ]
    },
    {
      "idx": 10,
      "success": false,