{
  "model": "/local_nvme/guanyiming/models/Qwen/Qwen3-8B",
  "n_traj": 12,
  "n_success": 6,
  "max_steps": 8,
  "dtype": "bfloat16",
  "summary": {
    "obs_nll_last": {
      "mean": 2.583742859543011,
      "std": 2.5229182064428612,
      "n": 93
    },
    "wm_A": {
      "mean": 4.590914818548387,
      "std": 3.4170147059940015,
      "n": 93
    },
    "wm_B": {
      "mean": 5.069724462365591,
      "std": 3.7357225750671015,
      "n": 93
    },
    "action_nll": {
      "mean": 2.100596438172043,
      "std": 0.7305927610384961,
      "n": 93
    },
    "wm_gap": {
      "mean": 0.4788096438172043,
      "std": 0.9875934011474211,
      "n": 93
    },
    "obs_nll_success": {
      "mean": 2.6985460069444445,
      "std": 2.973926264385903,
      "n": 45
    },
    "obs_nll_failure": {
      "mean": 2.4761149088541665,
      "std": 2.0042455925835845,
      "n": 48
    }
  },
  "per_traj": [
    {
      "idx": 0,
      "success": true,
      "obs_nll_last": [
        0.0,
        2.15625,
        0.2412109375,
        1.890625,
        0.28515625,
        5.75,
        5.46875,
        2.84375
      ],
      "wm_A": [
        1.953125,
        0.8203125,
        2.1875,
        2.0625,
        12.4375,
        6.34375,
        2.4375,
        3.203125
      ],
      "wm_B": [
        2.5,
        2.203125,
        3.046875,
        2.359375,
        16.125,
        11.1875,
        2.453125,
        3.609375
      ],
      "action_nll": [
        3.15625,
        2.21875,
        1.84375,
        1.234375,
        0.87890625,
        1.7734375,
        2.078125,
        2.03125
      ]
    },
    {
      "idx": 1,
      "success": true,
      "obs_nll_last": [
        0.0,
        4.09375,
        1.671875,
        1.328125,
        1.4921875,
        2.375,
        5.09375,
        0.287109375
      ],
      "wm_A": [
        2.46875,
        2.046875,
        3.421875,
        1.890625,
        4.90625,
        6.6875,
        2.359375,
        1.9296875
      ],
      "wm_B": [
        2.59375,
        2.046875,
        3.265625,
        1.9453125,
        4.4375,
        6.28125,
        2.328125,
        2.09375
      ],
      "action_nll": [
        2.375,
        2.828125,
        1.8125,
        1.96875,
        1.7890625,
        1.9453125,
        0.98046875,
        2.71875
      ]
    },
    {
      "idx": 2,
      "success": true,
      "obs_nll_last": [
        0.0,
        5.03125,
        1.265625,
        4.78125,
        2.09375,
        1.5078125
      ],
      "wm_A": [
        2.15625,
        2.296875,
        4.5625,
        2.796875,
        2.234375,
        2.796875
      ],
      "wm_B": [
        2.515625,
        2.484375,
        4.46875,
        2.96875,
        2.171875,
        3.21875
      ],
      "action_nll": [
        2.125,
        2.375,
        1.34375,
        4.1875,
        1.09375,
        2.25
      ]
    },
    {
      "idx": 3,
      "success": true,
      "obs_nll_last": [
        0.0,
        2.59375,
        1.5234375,
        1.609375,
        1.8046875,
        5.1875,
        5.59375
      ],
      "wm_A": [
        2.1875,
        1.6796875,
        2.125,
        4.5,
        11.875,
        6.6875,
        6.40625
      ],
      "wm_B": [
        2.265625,
        1.828125,
        2.59375,
        3.984375,
        11.625,
        9.5,
        7.21875
      ],
      "action_nll": [
        2.5,
        2.390625,
        1.578125,
        1.3828125,
        1.4453125,
        2.578125,
        1.6640625
      ]
    },
    {
      "idx": 4,
      "success": true,
      "obs_nll_last": [
        0.0,
        13.4375,
        3.140625,
        2.78125,
        3.5625,
        1.75,
        1.4921875,
        0.9296875
      ],
      "wm_A": [
        12.375,
        5.34375,
        12.125,
        4.65625,
        10.625,
        2.03125,
        2.5625,
        10.875
      ],
      "wm_B": [
        11.6875,
        5.59375,
        13.0,
        4.78125,
        13.5,
        2.0625,
        3.296875,
        10.5
      ],
      "action_nll": [
        3.265625,
        2.921875,
        1.296875,
        1.4375,
        1.5859375,
        2.09375,
        1.46875,
        0.52734375
      ]
    },
    {
      "idx": 5,
      "success": true,
      "obs_nll_last": [
        0.0,
        14.4375,
        1.078125,
        0.640625,
        4.3125,
        1.4296875,
        3.625,
        0.84765625
      ],
      "wm_A": [
        12.125,
        3.515625,
        1.8828125,
        3.234375,
        2.265625,
        9.125,
        2.046875,
        4.09375
      ],
      "wm_B": [
        12.5,
        3.1875,
        2.5625,
        4.34375,
        2.265625,
        9.6875,
        2.1875,
        4.46875
      ],
      "action_nll": [
        2.953125,
        3.09375,
        2.390625,
        2.765625,
        2.796875,
        2.234375,
        1.1171875,
        1.5546875
      ]
    },
    {
      "idx": 6,
      "success": false,
      "obs_nll_last": [
        0.0,
        2.53125,
        0.6875,
        1.0859375,
        2.484375,
        5.96875,
        1.890625,
        0.333984375
      ],
      "wm_A": [
        2.03125,
        0.431640625,
        1.125,
        3.390625,
        13.8125,
        2.90625,
        1.7109375,
        2.8125
      ],
      "wm_B": [
        2.109375,
        2.359375,
        2.4375,
        4.0625,
        14.3125,
        2.90625,
        1.859375,
        3.453125
      ],
      "action_nll": [
        3.359375,
        2.5625,
        2.90625,
        1.890625,
        2.109375,
        2.1875,
        1.4765625,
        2.15625
      ]
    },
    {
      "idx": 7,
      "success": false,
      "obs_nll_last": [
        0.0,
        6.75,
        4.0,
        2.8125,
        1.6875,
        3.0625,
        0.8203125,
        0.48828125
      ],
      "wm_A": [
        3.546875,
        4.5,
        2.953125,
        3.234375,
        5.09375,
        0.8125,
        1.8984375,
        3.90625
      ],
      "wm_B": [
        6.90625,
        4.65625,
        3.109375,
        2.75,
        4.0625,
        0.7734375,
        2.09375,
        3.953125
      ],
      "action_nll": [
        3.984375,
        3.03125,
        3.34375,
        1.9140625,
        1.8828125,
        1.4921875,
        1.484375,
        1.203125
      ]
    },
    {
      "idx": 8,
      "success": false,
      "obs_nll_last": [
        0.0,
        3.546875,
        3.65625,
        1.3125,
        0.60546875,
        5.03125,
        2.625,
        1.953125
      ],
      "wm_A": [
        2.90625,
        4.21875,
        1.8046875,
        2.140625,
        11.0,
        9.125,
        3.421875,
        13.1875
      ],
      "wm_B": [
        3.0625,
        4.65625,
        1.703125,
        2.734375,
        10.5625,
        12.375,
        3.484375,
        12.6875
      ],
      "action_nll": [
        1.90625,
        3.40625,
        2.046875,
        0.9921875,
        0.8828125,
        2.53125,
        1.5234375,
        1.734375
      ]
    },
    {
      "idx": 9,
      "success": false,
      "obs_nll_last": [
        0.0,
        3.109375,
        4.78125,
        4.0,
        2.84375,
        2.0,
        3.46875,
        1.03125
      ],
      "wm_A": [
        2.328125,
        4.8125,
        12.1875,
        4.625,
        12.6875,
        7.28125,
        3.1875,
        1.953125
      ],
      "wm_B": [
        2.328125,
        5.90625,
        14.75,
        4.65625,
        14.5625,
        7.4375,
        4.0625,
        2.03125
      ],
      "action_nll": [
        2.8125,
        2.53125,
        2.671875,
        1.3046875,
        1.96875,
        1.0703125,
        1.9296875,
        2.484375
      ]
    },
    {
      "idx": 10,
      "success": false,