{
  "model": "/local_nvme/rs/models/Qwen2.5-0.5B-Instruct",
  "n_traj": 12,
  "n_success": 6,
  "max_steps": 8,
  "dtype": "bfloat16",
  "summary": {
    "obs_nll_last": {
      "mean": 2.0131678427419355,
      "std": 1.4312774935912556,
      "n": 93
    },
    "wm_A": {
      "mean": 3.4186617943548385,
      "std": 1.8723889541061431,
      "n": 93
    },
    "wm_B": {
      "mean": 3.8381636424731185,
      "std": 1.836700306765487,
      "n": 93
    },
    "action_nll": {
      "mean": 1.4126449092741935,
      "std": 0.5632552226625043,
      "n": 93
    },
    "wm_gap": {
      "mean": 0.41950184811827956,
      "std": 0.6206538769074471,
      "n": 93
    },
    "obs_nll_success": {
      "mean": 2.053081597222222,
      "std": 1.537133353269804,
      "n": 45
    },
    "obs_nll_failure": {
      "mean": 1.9757486979166667,
      "std": 1.3232825967109174,
      "n": 48
    }
  },
  "per_traj": [
    {
      "idx": 0,
      "success": true,
      "obs_nll_last": [
        0.0,
        1.796875,
        0.3046875,
        1.9609375,
        0.46875,
        3.90625,
        3.125,
        2.25
      ],
      "wm_A": [
        1.4140625,
        0.447265625,
        1.8671875,
        2.78125,
        6.96875,
        5.84375,
        2.515625,
        2.703125
      ],
      "wm_B": [
        2.453125,
        2.375,
        2.0,
        2.8125,
        6.09375,
        7.1875,
        2.5,
        3.84375
      ],
      "action_nll": [
        2.5,
        0.87109375,
        0.91796875,
        1.1171875,
        0.7109375,
        1.2890625,
        1.453125,
        1.375
      ]
    },
    {
      "idx": 1,
      "success": true,
      "obs_nll_last": [
        0.0,
        3.296875,
        1.765625,
        1.0234375,
        1.671875,
        1.7890625,
        3.796875,
        0.201171875
      ],
      "wm_A": [
        2.625,
        1.8046875,
        2.96875,
        2.296875,
        3.625,
        5.125,
        2.34375,
        1.7109375
      ],
      "wm_B": [
        3.0,
        2.0,
        3.5,
        2.359375,
        4.09375,
        6.15625,
        2.40625,
        2.125
      ],
      "action_nll": [
        2.40625,
        1.8671875,
        0.99609375,
        1.203125,
        1.8125,
        1.3828125,
        0.80859375,
        1.8203125
      ]
    },
    {
      "idx": 2,
      "success": true,
      "obs_nll_last": [
        0.0,
        3.546875,
        1.9296875,
        3.0,
        1.78125,
        1.5
      ],
      "wm_A": [
        1.7109375,
        2.6875,
        3.46875,
        2.765625,
        1.8203125,
        3.046875
      ],
      "wm_B": [
        2.3125,
        3.140625,
        3.46875,
        3.015625,
        1.859375,
        4.03125
      ],
      "action_nll": [
        2.21875,
        1.3828125,
        0.6796875,
        2.53125,
        0.2119140625,
        1.46875
      ]
    },
    {
      "idx": 3,
      "success": true,
      "obs_nll_last": [
        0.0,
        2.15625,
        1.7734375,
        1.546875,
        1.71875,
        3.671875,
        3.0
      ],
      "wm_A": [
        1.8984375,
        2.03125,
        1.671875,
        1.8984375,
        6.5,
        7.59375,
        4.25
      ],
      "wm_B": [
        1.8671875,
        2.328125,
        2.015625,
        2.5,
        6.6875,
        9.5,
        5.03125
      ],
      "action_nll": [
        2.375,
        1.2265625,
        0.69921875,
        0.76953125,
        0.953125,
        1.3671875,
        1.2109375
      ]
    },
    {
      "idx": 4,
      "success": true,
      "obs_nll_last": [
        0.0,
        6.40625,
        3.265625,
        2.5625,
        2.4375,
        1.953125,
        1.6484375,
        1.3515625
      ],
      "wm_A": [
        7.25,
        4.78125,
        8.125,
        3.125,
        7.1875,
        2.15625,
        1.96875,
        6.1875
      ],
      "wm_B": [
        6.75,
        4.71875,
        7.34375,
        3.15625,
        7.34375,
        2.125,
        2.3125,
        6.5625
      ],
      "action_nll": [
        1.875,
        1.546875,
        0.69140625,
        0.8828125,
        0.7734375,
        1.3359375,
        1.0,
        0.80078125
      ]
    },
    {
      "idx": 5,
      "success": true,
      "obs_nll_last": [
        0.0,
        7.28125,
        1.6953125,
        1.0859375,
        3.5625,
        1.5546875,
        3.125,
        1.4765625
      ],
      "wm_A": [
        6.40625,
        2.78125,
        1.9765625,
        4.8125,
        2.390625,
        7.90625,
        1.9296875,
        3.40625
      ],
      "wm_B": [
        5.8125,
        2.71875,
        2.453125,
        4.84375,
        2.375,
        7.84375,
        2.140625,
        3.328125
      ],
      "action_nll": [
        2.109375,
        1.171875,
        1.4375,
        1.8046875,
        2.390625,
        1.59375,
        0.6640625,
        0.7578125
      ]
    },
    {
      "idx": 6,
      "success": false,
      "obs_nll_last": [
        0.0,
        2.53125,
        0.859375,
        0.4296875,
        2.078125,
        4.28125,
        1.375,
        0.361328125
      ],
      "wm_A": [
        2.25,
        0.5859375,
        1.0625,
        2.75,
        6.84375,
        3.40625,
        2.140625,
        3.015625
      ],
      "wm_B": [
        2.390625,
        2.828125,
        2.328125,
        3.359375,
        7.5625,
        3.40625,
        2.25,
        3.65625
      ],
      "action_nll": [
        3.140625,
        1.578125,
        2.078125,
        1.3828125,
        1.2109375,
        1.4609375,
        1.078125,
        1.546875
      ]
    },
    {
      "idx": 7,
      "success": false,
      "obs_nll_last": [
        0.0,
        4.03125,
        2.515625,
        1.984375,
        2.15625,
        1.875,
        0.79296875,
        0.486328125
      ],
      "wm_A": [
        2.9375,
        3.25,
        3.171875,
        2.53125,
        2.640625,
        0.83203125,
        1.9296875,
        3.21875
      ],
      "wm_B": [
        5.59375,
        3.90625,
        3.375,
        2.71875,
        2.71875,
        0.81640625,
        2.1875,
        3.375
      ],
      "action_nll": [
        2.8125,
        1.6953125,
        2.40625,
        0.7578125,
        1.578125,
        0.7265625,
        0.80859375,
        0.94140625
      ]
    },
    {
      "idx": 8,
      "success": false,
      "obs_nll_last": [
        0.0,
        3.203125,
        2.59375,
        1.515625,
        1.3671875,
        3.484375,
        2.453125,
        1.203125
      ],
      "wm_A": [
        2.390625,
        2.75,
        1.84375,
        1.65625,
        6.28125,
        4.34375,
        2.078125,
        6.75
      ],
      "wm_B": [
        2.75,
        3.8125,
        1.859375,
        2.109375,
        6.5,
        6.9375,
        2.21875,
        5.84375
      ],
      "action_nll": [
        1.546875,
        1.5234375,
        1.421875,
        0.86328125,
        0.8828125,
        1.53125,
        1.625,
        1.0859375
      ]
    },
    {
      "idx": 9,
      "success": false,
      "obs_nll_last": [
        0.0,
        2.609375,
        3.890625,
        4.125,
        1.953125,
        2.671875,
        3.203125,
        1.359375
      ],
      "wm_A": [
        2.03125,
        4.34375,
        6.3125,
        3.0,
        6.625,
        5.59375,
        2.765625,
        2.0625
      ],
      "wm_B": [
        2.515625,
        4.625,
        6.8125,
        3.328125,
        6.8125,
        6.03125,
        2.875,
        2.265625
      ],
      "action_nll": [
        2.234375,
        1.5,
        1.6484375,
        1.171875,
        1.3359375,
        0.84375,
        1.5,
        1.2421875
      ]
    },
    {
      "idx": 10,
      "success": false,