{
  "model": "/local_nvme/guanyiming/models/Qwen/Qwen3-1.7B",
  "n_traj": 12,
  "n_success": 6,
  "max_steps": 8,
  "dtype": "bfloat16",
  "summary": {
    "obs_nll_last": {
      "mean": 3.2769552251344085,
      "std": 2.462031989760909,
      "n": 93
    },
    "wm_A": {
      "mean": 5.547883064516129,
      "std": 3.150998044484677,
      "n": 93
    },
    "wm_B": {
      "mean": 5.369287634408602,
      "std": 2.9034636466539716,
      "n": 93
    },
    "action_nll": {
      "mean": 3.526251680107527,
      "std": 1.266942779065426,
      "n": 93
    },
    "wm_gap": {
      "mean": -0.17859543010752688,
      "std": 1.0758456743977014,
      "n": 93
    },
    "obs_nll_success": {
      "mean": 3.2944444444444443,
      "std": 2.561480928918645,
      "n": 45
    },
    "obs_nll_failure": {
      "mean": 3.26055908203125,
      "std": 2.3648862209755377,
      "n": 48
    }
  },
  "per_traj": [
    {
      "idx": 0,
      "success": true,
      "obs_nll_last": [
        0.0,
        2.640625,
        0.8828125,
        2.59375,
        0.13671875,
        6.8125,
        6.53125,
        4.15625
      ],
      "wm_A": [
        2.421875,
        1.453125,
        2.125,
        4.3125,
        10.625,
        6.34375,
        3.4375,
        4.90625
      ],
      "wm_B": [
        3.296875,
        3.1875,
        2.890625,
        3.671875,
        10.3125,
        9.9375,
        3.078125,
        5.25
      ],
      "action_nll": [
        4.34375,
        3.9375,
        3.015625,
        1.8046875,
        1.1953125,
        3.0625,
        3.5,
        4.1875
      ]
    },
    {
      "idx": 1,
      "success": true,
      "obs_nll_last": [
        0.0,
        6.84375,
        3.453125,
        1.7109375,
        2.1875,
        3.5625,
        6.53125,
        0.58203125
      ],
      "wm_A": [
        5.15625,
        3.828125,
        4.3125,
        2.6875,
        4.875,
        8.375,
        3.21875,
        2.375
      ],
      "wm_B": [
        4.28125,
        3.21875,
        4.84375,
        2.625,
        5.0625,
        6.9375,
        2.796875,
        2.9375
      ],
      "action_nll": [
        4.40625,
        4.90625,
        3.5,
        2.75,
        4.09375,
        2.984375,
        1.2890625,
        3.5625
      ]
    },
    {
      "idx": 2,
      "success": true,
      "obs_nll_last": [
        0.0,
        4.75,
        1.0546875,
        7.59375,
        2.953125,
        2.546875
      ],
      "wm_A": [
        2.703125,
        2.9375,
        7.59375,
        3.453125,
        3.078125,
        5.59375
      ],
      "wm_B": [
        4.21875,
        2.640625,
        6.03125,
        3.53125,
        2.515625,
        5.34375
      ],
      "action_nll": [
        4.0,
        3.046875,
        2.84375,
        7.0,
        0.99609375,
        3.984375
      ]
    },
    {
      "idx": 3,
      "success": true,
      "obs_nll_last": [
        0.0,
        3.703125,
        3.265625,
        1.6171875,
        3.15625,
        7.78125,
        5.625
      ],
      "wm_A": [
        3.21875,
        3.125,
        3.90625,
        4.0625,
        11.8125,
        10.5,
        8.125
      ],
      "wm_B": [
        2.5625,
        3.0625,
        3.203125,
        4.1875,
        10.5625,
        12.375,
        7.625
      ],
      "action_nll": [
        4.09375,
        3.453125,
        2.75,
        3.0625,
        3.15625,
        4.59375,
        2.953125
      ]
    },
    {
      "idx": 4,
      "success": true,
      "obs_nll_last": [
        0.0,
        9.625,
        4.34375,
        2.296875,
        3.890625,
        2.328125,
        2.25,
        3.359375
      ],
      "wm_A": [
        9.75,
        7.71875,
        11.8125,
        5.59375,
        10.8125,
        2.875,
        3.015625,
        12.0625
      ],
      "wm_B": [
        9.8125,
        6.03125,
        10.75,
        4.71875,
        10.8125,
        2.484375,
        3.78125,
        9.5
      ],
      "action_nll": [
        4.375,
        5.4375,
        1.921875,
        1.9921875,
        2.640625,
        3.359375,
        2.53125,
        1.3359375
      ]
    },
    {
      "idx": 5,
      "success": true,
      "obs_nll_last": [
        0.0,
        10.125,
        3.578125,
        1.7265625,
        4.96875,
        2.3125,
        3.265625,
        1.5078125
      ],
      "wm_A": [
        11.0625,
        4.28125,
        3.765625,
        5.4375,
        3.265625,
        11.125,
        2.34375,
        5.9375
      ],
      "wm_B": [
        10.0625,
        3.78125,
        3.078125,
        6.9375,
        2.703125,
        11.0,
        2.34375,
        4.875
      ],
      "action_nll": [
        4.34375,
        4.46875,
        5.4375,
        5.34375,
        5.3125,
        3.5,
        1.765625,
        2.25
      ]
    },
    {
      "idx": 6,
      "success": false,
      "obs_nll_last": [
        0.0,
        4.46875,
        1.84375,
        0.71484375,
        3.5625,
        7.28125,
        2.765625,
        0.169921875
      ],
      "wm_A": [
        3.203125,
        0.703125,
        1.28125,
        4.5,
        13.375,
        4.78125,
        3.0,
        3.953125
      ],
      "wm_B": [
        2.921875,
        3.5625,
        2.90625,
        3.5,
        11.375,
        4.46875,
        3.21875,
        3.984375
      ],
      "action_nll": [
        4.78125,
        4.78125,
        5.5625,
        3.6875,
        2.890625,
        4.25,
        2.9375,
        3.9375
      ]
    },
    {
      "idx": 7,
      "success": false,
      "obs_nll_last": [
        0.0,
        6.0625,
        5.6875,
        4.5625,
        3.5,
        6.53125,
        1.3046875,
        0.52734375
      ],
      "wm_A": [
        4.71875,
        5.3125,
        4.9375,
        3.65625,
        5.03125,
        1.171875,
        3.640625,
        7.21875
      ],
      "wm_B": [
        7.5625,
        4.1875,
        4.125,
        3.21875,
        5.0,
        1.015625,
        3.578125,
        5.3125
      ],
      "action_nll": [
        5.78125,
        4.8125,
        6.65625,
        2.65625,
        3.875,
        1.5625,
        2.078125,
        2.046875
      ]
    },
    {
      "idx": 8,
      "success": false,
      "obs_nll_last": [
        0.0,
        4.96875,
        6.59375,
        1.9453125,
        1.046875,
        7.71875,
        3.609375,
        2.46875
      ],
      "wm_A": [
        4.09375,
        5.9375,
        2.15625,
        2.203125,
        10.375,
        8.5,
        3.734375,
        12.0625
      ],
      "wm_B": [
        4.625,
        5.8125,
        2.125,
        3.265625,
        10.125,
        10.5,
        3.546875,
        10.5
      ],
      "action_nll": [
        2.359375,
        5.8125,
        4.125,
        2.515625,
        2.984375,
        3.578125,
        2.859375,
        3.921875
      ]
    },
    {
      "idx": 9,
      "success": false,
      "obs_nll_last": [
        0.0,
        3.84375,
        6.8125,
        5.6875,
        2.484375,
        1.3125,
        4.25,
        2.078125
      ],
      "wm_A": [
        3.0,
        7.90625,
        11.0625,
        5.46875,
        10.6875,
        8.6875,
        4.5625,
        4.125
      ],
      "wm_B": [
        3.078125,
        7.09375,
        11.0,
        5.1875,
        10.25,
        7.90625,
        3.859375,
        2.875
      ],
      "action_nll": [
        4.21875,
        5.1875,
        4.21875,
        2.53125,
        2.9375,
        2.3125,
        3.078125,
        3.4375
      ]
    },
    {
      "idx": 10,
      "success": false,
      "obs_nll_last": [
        0.0,
        5.75,
        4.3125,
        2.90625,
        0.1884765625,
        2.84375,
        3.21875,
        1.9609375
      ],