{
  "model": "/local_nvme/guanyiming/models/Qwen/Qwen2.5-1.5B-Instruct",
  "n_traj": 12,
  "n_success": 6,
  "max_steps": 8,
  "dtype": "bfloat16",
  "summary": {
    "obs_nll_last": {
      "mean": 1.2404968918010753,
      "std": 0.8862743160972097,
      "n": 93
    },
    "wm_A": {
      "mean": 3.164146505376344,
      "std": 1.883765160423147,
      "n": 93
    },
    "wm_B": {
      "mean": 3.5328881048387095,
      "std": 1.8956222975361017,
      "n": 93
    },
    "action_nll": {
      "mean": 1.2493279569892473,
      "std": 0.48570856979879656,
      "n": 93
    },
    "wm_gap": {
      "mean": 0.36874159946236557,
      "std": 0.650130109434353,
      "n": 93
    },
    "obs_nll_success": {
      "mean": 1.2544487847222223,
      "std": 0.953313480062781,
      "n": 45
    },
    "obs_nll_failure": {
      "mean": 1.2274169921875,
      "std": 0.8182370922223604,
      "n": 48
    }
  },
  "per_traj": [
    {
      "idx": 0,
      "success": true,
      "obs_nll_last": [
        0.0,
        1.34375,
        0.1494140625,
        1.0546875,
        0.2109375,
        2.671875,
        1.5234375,
        2.1875
      ],
      "wm_A": [
        1.3515625,
        0.39453125,
        1.7890625,
        2.109375,
        6.75,
        5.9375,
        2.359375,
        2.390625
      ],
      "wm_B": [
        2.078125,
        2.125,
        1.75,
        2.21875,
        6.0625,
        7.46875,
        2.359375,
        3.390625
      ],
      "action_nll": [
        2.078125,
        0.94921875,
        0.87109375,
        0.53515625,
        0.328125,
        1.1171875,
        1.390625,
        1.21875
      ]
    },
    {
      "idx": 1,
      "success": true,
      "obs_nll_last": [
        0.0,
        2.171875,
        1.2109375,
        0.71484375,
        1.15625,
        1.21875,
        2.5,
        0.1796875
      ],
      "wm_A": [
        2.03125,
        1.5,
        2.5625,
        1.703125,
        3.0625,
        3.84375,
        1.78125,
        1.4375
      ],
      "wm_B": [
        2.390625,
        1.5390625,
        3.03125,
        1.828125,
        3.78125,
        4.25,
        1.8046875,
        1.8046875
      ],
      "action_nll": [
        1.765625,
        1.6640625,
        0.98046875,
        1.0703125,
        1.5625,
        1.09375,
        0.71484375,
        1.5859375
      ]
    },
    {
      "idx": 2,
      "success": true,
      "obs_nll_last": [
        0.0,
        1.34375,
        0.90234375,
        2.359375,
        0.890625,
        1.3125
      ],
      "wm_A": [
        1.8203125,
        2.453125,
        3.359375,
        2.734375,
        1.7578125,
        2.5
      ],
      "wm_B": [
        1.78125,
        2.4375,
        3.390625,
        2.921875,
        1.796875,
        3.28125
      ],
      "action_nll": [
        1.65625,
        1.0546875,
        0.66015625,
        2.453125,
        0.330078125,
        1.2109375
      ]
    },
    {
      "idx": 3,
      "success": true,
      "obs_nll_last": [
        0.0,
        1.8203125,
        1.375,
        0.35546875,
        1.4609375,
        1.59375,
        2.078125
      ],
      "wm_A": [
        1.8515625,
        1.5703125,
        1.2890625,
        2.640625,
        6.59375,
        7.71875,
        4.125
      ],
      "wm_B": [
        1.8203125,
        1.890625,
        1.96875,
        3.0625,
        5.6875,
        9.875,
        5.0
      ],
      "action_nll": [
        1.78125,
        0.984375,
        0.61328125,
        0.70703125,
        1.0078125,
        1.2734375,
        1.1171875
      ]
    },
    {
      "idx": 4,
      "success": true,
      "obs_nll_last": [
        0.0,
        4.1875,
        2.921875,
        0.58203125,
        1.8203125,
        0.2578125,
        1.2109375,
        0.83203125
      ],
      "wm_A": [
        6.28125,
        4.84375,
        5.8125,
        2.953125,
        6.4375,
        1.8671875,
        1.796875,
        5.90625
      ],
      "wm_B": [
        7.375,
        4.96875,
        5.625,
        3.078125,
        5.6875,
        1.8984375,
        1.9765625,
        5.375
      ],
      "action_nll": [
        1.2734375,
        1.34375,
        0.7734375,
        0.87109375,
        0.73828125,
        1.21875,
        0.8515625,
        0.5
      ]
    },
    {
      "idx": 5,
      "success": true,
      "obs_nll_last": [
        0.0,
        3.375,
        1.5703125,
        0.71484375,
        1.9453125,
        1.140625,
        1.1875,
        0.91796875
      ],
      "wm_A": [
        6.28125,
        2.453125,
        1.6328125,
        3.78125,
        2.34375,
        8.125,
        1.6328125,
        3.234375
      ],
      "wm_B": [
        5.5625,
        2.640625,
        2.21875,
        3.78125,
        2.328125,
        8.375,
        1.8984375,
        3.203125
      ],
      "action_nll": [
        1.8671875,
        1.140625,
        1.28125,
        1.6015625,
        2.09375,
        1.6015625,
        0.5546875,
        0.62109375
      ]
    },
    {
      "idx": 6,
      "success": false,
      "obs_nll_last": [
        0.0,
        1.9609375,
        0.4609375,
        0.259765625,
        1.234375,
        2.734375,
        0.71484375,
        0.193359375
      ],
      "wm_A": [
        2.0625,
        0.4921875,
        0.72265625,
        2.515625,
        6.96875,
        2.765625,
        1.9375,
        2.671875
      ],
      "wm_B": [
        2.0625,
        2.453125,
        2.1875,
        2.953125,
        7.125,
        2.78125,
        2.09375,
        3.328125
      ],
      "action_nll": [
        2.6875,
        1.3046875,
        1.828125,
        1.359375,
        1.1171875,
        1.28125,
        1.125,
        1.375
      ]
    },
    {
      "idx": 7,
      "success": false,
      "obs_nll_last": [
        0.0,
        2.609375,
        2.0,
        1.546875,
        1.515625,
        1.6796875,
        0.7578125,
        0.4375
      ],
      "wm_A": [
        2.15625,
        3.078125,
        2.84375,
        2.234375,
        2.234375,
        0.796875,
        1.5859375,
        2.765625
      ],
      "wm_B": [
        4.9375,
        3.34375,
        3.15625,
        2.46875,
        2.46875,
        0.76171875,
        2.0,
        3.0
      ],
      "action_nll": [
        2.203125,
        1.8125,
        2.109375,
        0.7890625,
        1.3203125,
        0.671875,
        0.62890625,
        0.84765625
      ]
    },
    {
      "idx": 8,
      "success": false,
      "obs_nll_last": [
        0.0,
        1.8671875,
        2.140625,
        0.99609375,
        0.353515625,
        1.7265625,
        0.875,
        0.86328125
      ],
      "wm_A": [
        2.140625,
        3.546875,
        1.5703125,
        1.5078125,
        6.21875,
        4.84375,
        2.03125,
        5.84375
      ],
      "wm_B": [
        2.484375,
        3.65625,
        1.609375,
        1.796875,
        6.1875,
        8.25,
        2.09375,
        5.40625
      ],
      "action_nll": [
        1.3125,
        1.5546875,
        1.4921875,
        0.78515625,
        0.6875,
        1.3671875,
        1.3125,
        1.015625
      ]
    },
    {
      "idx": 9,
      "success": false,
      "obs_nll_last": [
        0.0,
        1.6875,
        2.71875,
        1.421875,
        1.59375,
        0.609375,
        1.65625,
        1.03125
      ],
      "wm_A": [
        1.6171875,
        4.3125,
        6.375,
        2.875,
        6.6875,
        4.875,
        2.5625,
        1.671875
      ],
      "wm_B": [
        2.265625,
        4.5,
        6.9375,
        3.046875,
        6.625,
        5.21875,
        2.765625,
        2.015625
      ],
      "action_nll": [
        1.765625,
        1.515625,
        1.546875,
        0.82421875,
        1.296875,
        0.7265625,
        1.3515625,
        1.1328125
      ]
    },
    {
      "idx": 10,
      "success": false,