{
  "model": "/local_nvme/guanyiming/models/Qwen/Qwen3-14B",
  "n_traj": 12,
  "n_success": 6,
  "max_steps": 8,
  "dtype": "bfloat16",
  "summary": {
    "obs_nll_last": {
      "mean": 2.3606350806451615,
      "std": 2.149310303626349,
      "n": 93
    },
    "wm_A": {
      "mean": 4.838541666666667,
      "std": 3.2324220632295635,
      "n": 93
    },
    "wm_B": {
      "mean": 4.893103158602151,
      "std": 3.1752146170233577,
      "n": 93
    },
    "action_nll": {
      "mean": 1.9163306451612903,
      "std": 0.816258086156958,
      "n": 93
    },
    "wm_gap": {
      "mean": 0.05456149193548387,
      "std": 0.8363724192249509,
      "n": 93
    },
    "obs_nll_success": {
      "mean": 2.4844618055555556,
      "std": 2.4505070637134296,
      "n": 45
    },
    "obs_nll_failure": {
      "mean": 2.2445475260416665,
      "std": 1.814614080656911,
      "n": 48
    }
  },
  "per_traj": [
    {
      "idx": 0,
      "success": true,
      "obs_nll_last": [
        0.0,
        2.03125,
        0.43359375,
        1.609375,
        0.3046875,
        5.65625,
        4.09375,
        1.9765625
      ],
      "wm_A": [
        1.796875,
        1.0390625,
        2.421875,
        2.296875,
        9.5,
        7.9375,
        2.140625,
        3.40625
      ],
      "wm_B": [
        2.546875,
        2.359375,
        2.421875,
        2.34375,
        11.125,
        11.625,
        2.078125,
        3.703125
      ],
      "action_nll": [
        3.40625,
        2.296875,
        1.4140625,
        0.703125,
        0.5625,
        1.7890625,
        1.90625,
        2.078125
      ]
    },
    {
      "idx": 1,
      "success": true,
      "obs_nll_last": [
        0.0,
        3.6875,
        1.6015625,
        1.34375,
        1.0546875,
        1.53125,
        4.21875,
        0.296875
      ],
      "wm_A": [
        3.09375,
        1.765625,
        3.609375,
        1.7265625,
        3.6875,
        7.90625,
        2.046875,
        1.375
      ],
      "wm_B": [
        2.65625,
        1.7265625,
        3.484375,
        1.6171875,
        4.53125,
        7.46875,
        1.8984375,
        2.109375
      ],
      "action_nll": [
        2.78125,
        2.734375,
        1.71875,
        1.6796875,
        1.7734375,
        1.59375,
        0.89453125,
        2.09375
      ]
    },
    {
      "idx": 2,
      "success": true,
      "obs_nll_last": [
        0.0,
        3.921875,
        2.0,
        5.0,
        1.859375,
        1.3125
      ],
      "wm_A": [
        2.859375,
        2.625,
        5.96875,
        3.375,
        1.8828125,
        4.5
      ],
      "wm_B": [
        3.3125,
        2.90625,
        5.125,
        3.359375,
        1.7890625,
        4.0625
      ],
      "action_nll": [
        2.34375,
        2.390625,
        1.5859375,
        3.734375,
        0.88671875,
        2.21875
      ]
    },
    {
      "idx": 3,
      "success": true,
      "obs_nll_last": [
        0.0,
        2.25,
        1.484375,
        1.2578125,
        2.546875,
        5.09375,
        4.65625
      ],
      "wm_A": [
        1.9453125,
        1.8125,
        2.515625,
        4.71875,
        11.125,
        9.8125,
        8.0625
      ],
      "wm_B": [
        1.8125,
        1.78125,
        3.15625,
        4.25,
        10.5625,
        10.6875,
        7.09375
      ],
      "action_nll": [
        2.5625,
        2.1875,
        1.4296875,
        1.1875,
        1.3359375,
        2.34375,
        1.3828125
      ]
    },
    {
      "idx": 4,
      "success": true,
      "obs_nll_last": [
        0.0,
        11.0,
        4.03125,
        4.3125,
        2.921875,
        2.625,
        1.46875,
        1.1875
      ],
      "wm_A": [
        12.0625,
        6.9375,
        10.1875,
        4.46875,
        10.4375,
        2.140625,
        2.59375,
        12.5625
      ],
      "wm_B": [
        11.5625,
        6.375,
        10.0,
        4.03125,
        11.1875,
        1.921875,
        2.984375,
        11.25
      ],
      "action_nll": [
        3.578125,
        2.875,
        1.1015625,
        1.171875,
        0.890625,
        2.234375,
        1.1796875,
        0.9765625
      ]
    },
    {
      "idx": 5,
      "success": true,
      "obs_nll_last": [
        0.0,
        11.5625,
        1.4921875,
        0.9765625,
        3.234375,
        1.2421875,
        3.390625,
        1.1328125
      ],
      "wm_A": [
        10.0,
        3.78125,
        2.390625,
        4.28125,
        2.578125,
        11.0625,
        2.390625,
        4.59375
      ],
      "wm_B": [
        10.25,
        3.5,
        2.546875,
        4.34375,
        2.375,
        9.875,
        2.015625,
        4.0625
      ],
      "action_nll": [
        3.0,
        2.859375,
        1.9765625,
        2.75,
        2.671875,
        1.921875,
        0.71484375,
        0.80078125
      ]
    },
    {
      "idx": 6,
      "success": false,
      "obs_nll_last": [
        0.0,
        2.609375,
        0.8828125,
        0.75390625,
        1.90625,
        5.59375,
        1.3046875,
        0.34375
      ],
      "wm_A": [
        2.203125,
        0.6640625,
        1.0859375,
        3.359375,
        12.375,
        3.203125,
        1.96875,
        2.5625
      ],
      "wm_B": [
        2.046875,
        2.46875,
        2.390625,
        3.890625,
        12.6875,
        3.046875,
        2.078125,
        3.34375
      ],
      "action_nll": [
        3.546875,
        2.640625,
        2.578125,
        1.8125,
        1.4140625,
        1.8359375,
        1.28125,
        1.671875
      ]
    },
    {
      "idx": 7,
      "success": false,
      "obs_nll_last": [
        0.0,
        5.71875,
        3.5,
        2.21875,
        1.484375,
        2.3125,
        0.640625,
        0.62890625
      ],
      "wm_A": [
        4.78125,
        4.625,
        3.75,
        3.3125,
        6.125,
        0.796875,
        2.28125,
        4.96875
      ],
      "wm_B": [
        8.125,
        4.03125,
        3.59375,
        2.90625,
        5.15625,
        0.78515625,
        2.328125,
        3.953125
      ],
      "action_nll": [
        3.890625,
        2.390625,
        3.09375,
        1.234375,
        1.65625,
        0.88671875,
        1.4296875,
        1.109375
      ]
    },
    {
      "idx": 8,
      "success": false,
      "obs_nll_last": [
        0.0,
        3.03125,
        3.875,
        1.1015625,
        0.75,
        4.875,
        2.625,
        1.7109375
      ],
      "wm_A": [
        2.953125,
        4.75,
        1.390625,
        2.40625,
        12.0,
        9.4375,
        4.4375,
        10.0
      ],
      "wm_B": [
        3.015625,
        5.21875,
        1.421875,
        2.90625,
        11.5,
        10.875,
        3.953125,
        10.0625
      ],
      "action_nll": [
        2.484375,
        3.515625,
        2.234375,
        0.8359375,
        0.7265625,
        2.09375,
        1.3203125,
        1.1875
      ]
    },
    {
      "idx": 9,
      "success": false,
      "obs_nll_last": [
        0.0,
        2.625,
        5.1875,
        4.65625,
        1.8984375,
        2.578125,
        2.984375,
        1.328125
      ],
      "wm_A": [
        2.21875,
        6.34375,
        9.9375,
        5.59375,
        10.0,
        8.3125,
        3.609375,
        1.828125
      ],
      "wm_B": [
        2.71875,
        5.4375,
        10.375,
        5.625,
        10.5625,
        7.375,
        4.15625,
        2.296875
      ],
      "action_nll": [
        3.234375,
        2.859375,
        2.171875,
        1.3671875,
        1.5546875,
        1.0078125,
        1.5234375,
        1.484375
      ]
    },
    {
      "idx": 10,
      "success": false,