{
  "model": "/local_nvme/guanyiming/models/Qwen/Qwen2.5-3B-Instruct",
  "n_traj": 12,
  "n_success": 6,
  "max_steps": 8,
  "dtype": "bfloat16",
  "summary": {
    "obs_nll_last": {
      "mean": 1.751953125,
      "std": 1.7456457504786729,
      "n": 93
    },
    "wm_A": {
      "mean": 4.268691196236559,
      "std": 2.444598742613526,
      "n": 93
    },
    "wm_B": {
      "mean": 4.605132728494624,
      "std": 2.4032188280166737,
      "n": 93
    },
    "action_nll": {
      "mean": 1.5802881384408602,
      "std": 0.781473814041,
      "n": 93
    },
    "wm_gap": {
      "mean": 0.3364415322580645,
      "std": 1.050248465538256,
      "n": 93
    },
    "obs_nll_success": {
      "mean": 1.8992078993055554,
      "std": 1.9768802660169695,
      "n": 45
    },
    "obs_nll_failure": {
      "mean": 1.6139017740885417,
      "std": 1.4835478493806136,
      "n": 48
    }
  },
  "per_traj": [
    {
      "idx": 0,
      "success": true,
      "obs_nll_last": [
        0.0,
        1.875,
        0.447265625,
        1.046875,
        0.09912109375,
        2.875,
        2.8125,
        2.03125
      ],
      "wm_A": [
        1.78125,
        0.6484375,
        2.9375,
        2.78125,
        10.1875,
        6.9375,
        2.234375,
        4.0625
      ],
      "wm_B": [
        2.390625,
        2.40625,
        2.890625,
        2.75,
        8.3125,
        11.0,
        2.28125,
        4.03125
      ],
      "action_nll": [
        3.609375,
        1.2265625,
        0.8671875,
        0.82421875,
        0.443359375,
        1.15625,
        1.6328125,
        1.609375
      ]
    },
    {
      "idx": 1,
      "success": true,
      "obs_nll_last": [
        0.0,
        4.5625,
        1.6171875,
        1.1328125,
        1.109375,
        0.85546875,
        2.609375,
        0.13671875
      ],
      "wm_A": [
        3.734375,
        1.84375,
        4.09375,
        2.078125,
        5.1875,
        5.90625,
        2.125,
        1.546875
      ],
      "wm_B": [
        4.125,
        1.8984375,
        4.21875,
        2.15625,
        5.78125,
        6.5625,
        2.109375,
        2.0625
      ],
      "action_nll": [
        3.046875,
        1.9609375,
        1.4609375,
        1.21875,
        1.6328125,
        1.1171875,
        0.7421875,
        2.296875
      ]
    },
    {
      "idx": 2,
      "success": true,
      "obs_nll_last": [
        0.0,
        4.875,
        1.6953125,
        3.515625,
        0.58203125,
        1.4921875
      ],
      "wm_A": [
        2.34375,
        2.609375,
        4.8125,
        3.28125,
        2.0,
        3.734375
      ],
      "wm_B": [
        2.953125,
        3.125,
        4.25,
        3.328125,
        1.96875,
        4.0
      ],
      "action_nll": [
        2.859375,
        1.390625,
        0.8203125,
        2.828125,
        0.3671875,
        1.5390625
      ]
    },
    {
      "idx": 3,
      "success": true,
      "obs_nll_last": [
        0.0,
        2.1875,
        1.515625,
        1.15625,
        1.6328125,
        4.21875,
        1.765625
      ],
      "wm_A": [
        2.109375,
        1.71875,
        2.8125,
        3.171875,
        8.0,
        8.5625,
        5.6875
      ],
      "wm_B": [
        1.921875,
        2.140625,
        3.078125,
        3.625,
        8.3125,
        10.125,
        6.21875
      ],
      "action_nll": [
        3.09375,
        1.359375,
        0.74609375,
        0.890625,
        0.89453125,
        1.71875,
        1.53125
      ]
    },
    {
      "idx": 4,
      "success": true,
      "obs_nll_last": [
        0.0,
        8.125,
        3.4375,
        1.7265625,
        2.421875,
        0.8515625,
        1.421875,
        1.2890625
      ],
      "wm_A": [
        9.5,
        6.28125,
        10.375,
        4.5,
        8.8125,
        2.421875,
        2.90625,
        7.3125
      ],
      "wm_B": [
        9.3125,
        6.4375,
        9.25,
        4.375,
        8.5625,
        2.109375,
        2.921875,
        6.75
      ],
      "action_nll": [
        2.390625,
        1.8359375,
        0.75390625,
        0.81640625,
        1.0,
        1.484375,
        0.78515625,
        0.515625
      ]
    },
    {
      "idx": 5,
      "success": true,
      "obs_nll_last": [
        0.0,
        10.125,
        1.140625,
        0.8984375,
        1.8515625,
        1.0234375,
        2.0625,
        1.2421875
      ],
      "wm_A": [
        6.4375,
        3.4375,
        2.5625,
        4.0625,
        2.625,
        10.8125,
        2.15625,
        3.890625
      ],
      "wm_B": [
        6.8125,
        3.5,
        3.328125,
        4.40625,
        2.21875,
        10.25,
        2.390625,
        4.3125
      ],
      "action_nll": [
        3.3125,
        1.2109375,
        1.6640625,
        2.125,
        2.15625,
        1.78125,
        0.48828125,
        0.8359375
      ]
    },
    {
      "idx": 6,
      "success": false,
      "obs_nll_last": [
        0.0,
        2.953125,
        0.2578125,
        0.59375,
        1.6171875,
        3.046875,
        0.88671875,
        0.0380859375
      ],
      "wm_A": [
        2.453125,
        0.7265625,
        1.46875,
        3.953125,
        9.1875,
        4.03125,
        2.453125,
        4.3125
      ],
      "wm_B": [
        2.46875,
        2.5625,
        2.890625,
        4.15625,
        9.0,
        4.09375,
        2.578125,
        4.125
      ],
      "action_nll": [
        3.6875,
        2.015625,
        2.390625,
        1.5,
        1.390625,
        1.421875,
        1.4609375,
        1.7109375
      ]
    },
    {
      "idx": 7,
      "success": false,
      "obs_nll_last": [
        0.0,
        4.78125,
        2.234375,
        1.6875,
        1.59375,
        0.890625,
        0.76953125,
        0.458984375
      ],
      "wm_A": [
        2.90625,
        4.03125,
        3.671875,
        3.328125,
        3.671875,
        0.85546875,
        2.171875,
        4.53125
      ],
      "wm_B": [
        8.8125,
        3.75,
        4.0625,
        3.109375,
        4.125,
        0.82421875,
        2.421875,
        4.5625
      ],
      "action_nll": [
        4.3125,
        2.421875,
        2.359375,
        1.078125,
        1.46875,
        0.796875,
        0.8359375,
        0.96484375
      ]
    },
    {
      "idx": 8,
      "success": false,
      "obs_nll_last": [
        0.0,
        2.53125,
        1.9140625,
        1.234375,
        0.5390625,
        3.40625,
        0.81640625,
        0.828125
      ],
      "wm_A": [
        2.34375,
        4.65625,
        1.9609375,
        2.296875,
        8.0,
        5.375,
        2.546875,
        8.3125
      ],
      "wm_B": [
        3.0625,
        4.65625,
        1.8984375,
        2.59375,
        6.71875,
        9.6875,
        2.84375,
        7.6875
      ],
      "action_nll": [
        1.625,
        2.1875,
        1.7890625,
        0.796875,
        0.64453125,
        1.625,
        1.421875,
        1.2421875
      ]
    },
    {
      "idx": 9,
      "success": false,
      "obs_nll_last": [
        0.0,
        2.46875,
        4.1875,
        1.8203125,
        0.875,
        0.83984375,
        2.078125,
        1.1484375
      ],
      "wm_A": [
        2.234375,
        7.96875,
        5.34375,
        3.625,
        8.5625,
        6.125,
        3.234375,
        2.015625
      ],
      "wm_B": [
        2.625,
        6.46875,
        7.40625,
        3.546875,
        7.78125,
        6.03125,
        3.90625,
        2.296875
      ],
      "action_nll": [
        2.90625,
        1.7421875,
        1.6484375,
        1.3046875,
        1.3828125,
        0.71484375,
        1.3359375,
        1.3046875
      ]
    },
    {
      "idx": 10,
      "success": false,