{
  "model": "/local_nvme/guanyiming/models/Qwen/Qwen2.5-7B-Instruct",
  "n_traj": 12,
  "n_success": 6,
  "max_steps": 8,
  "dtype": "bfloat16",
  "summary": {
    "obs_nll_last": {
      "mean": 1.7931997647849462,
      "std": 1.4553447006485654,
      "n": 93
    },
    "wm_A": {
      "mean": 4.18512684811828,
      "std": 2.440463592366547,
      "n": 93
    },
    "wm_B": {
      "mean": 5.092615927419355,
      "std": 2.5131704660000342,
      "n": 93
    },
    "action_nll": {
      "mean": 1.6169564852150538,
      "std": 0.6706914016624268,
      "n": 93
    },
    "wm_gap": {
      "mean": 0.9074890793010753,
      "std": 1.4832295920146075,
      "n": 93
    },
    "obs_nll_success": {
      "mean": 1.8543836805555556,
      "std": 1.6348630608426662,
      "n": 45
    },
    "obs_nll_failure": {
      "mean": 1.73583984375,
      "std": 1.2614084655497808,
      "n": 48
    }
  },
  "per_traj": [
    {
      "idx": 0,
      "success": true,
      "obs_nll_last": [
        0.0,
        1.4375,
        0.38671875,
        1.9453125,
        0.640625,
        4.21875,
        1.8515625,
        2.40625
      ],
      "wm_A": [
        1.484375,
        0.59765625,
        2.078125,
        2.640625,
        6.875,
        4.15625,
        2.34375,
        3.171875
      ],
      "wm_B": [
        2.46875,
        2.5,
        3.125,
        3.5625,
        9.5625,
        10.5,
        2.421875,
        3.953125
      ],
      "action_nll": [
        2.609375,
        1.125,
        0.7421875,
        0.66796875,
        0.41796875,
        1.4453125,
        2.1875,
        1.453125
      ]
    },
    {
      "idx": 1,
      "success": true,
      "obs_nll_last": [
        0.0,
        3.953125,
        1.9921875,
        1.4140625,
        1.2109375,
        2.09375,
        3.375,
        0.220703125
      ],
      "wm_A": [
        3.328125,
        2.359375,
        3.546875,
        2.21875,
        4.15625,
        7.0625,
        2.59375,
        1.6171875
      ],
      "wm_B": [
        4.90625,
        2.09375,
        4.21875,
        2.25,
        5.5625,
        7.0625,
        2.421875,
        2.390625
      ],
      "action_nll": [
        2.640625,
        2.03125,
        1.8046875,
        1.15625,
        1.96875,
        1.6875,
        1.0703125,
        2.140625
      ]
    },
    {
      "idx": 2,
      "success": true,
      "obs_nll_last": [
        0.0,
        1.8046875,
        0.890625,
        5.03125,
        0.78125,
        1.6640625
      ],
      "wm_A": [
        2.171875,
        2.984375,
        4.4375,
        3.109375,
        2.171875,
        3.359375
      ],
      "wm_B": [
        4.09375,
        4.96875,
        5.65625,
        3.671875,
        2.1875,
        5.40625
      ],
      "action_nll": [
        2.484375,
        1.734375,
        1.078125,
        3.375,
        0.240234375,
        1.7578125
      ]
    },
    {
      "idx": 3,
      "success": true,
      "obs_nll_last": [
        0.0,
        2.34375,
        1.75,
        1.7421875,
        2.328125,
        2.875,
        2.640625
      ],
      "wm_A": [
        2.171875,
        1.578125,
        2.171875,
        3.71875,
        9.4375,
        9.125,
        4.625
      ],
      "wm_B": [
        2.015625,
        2.28125,
        4.15625,
        4.4375,
        7.5,
        13.375,
        7.78125
      ],
      "action_nll": [
        2.515625,
        1.078125,
        1.0,
        1.03125,
        1.0703125,
        1.671875,
        1.4453125
      ]
    },
    {
      "idx": 4,
      "success": true,
      "obs_nll_last": [
        0.0,
        6.75,
        2.453125,
        1.28125,
        2.921875,
        1.34375,
        1.4375,
        0.7421875
      ],
      "wm_A": [
        10.0625,
        6.625,
        6.875,
        4.96875,
        10.375,
        2.484375,
        2.328125,
        10.1875
      ],
      "wm_B": [
        9.75,
        6.59375,
        7.0625,
        4.75,
        7.375,
        2.4375,
        4.25,
        8.5
      ],
      "action_nll": [
        1.8984375,
        1.9609375,
        0.8828125,
        1.171875,
        0.97265625,
        1.53125,
        1.1015625,
        0.62109375
      ]
    },
    {
      "idx": 5,
      "success": true,
      "obs_nll_last": [
        0.0,
        7.78125,
        1.703125,
        1.21875,
        1.4140625,
        1.1015625,
        1.7578125,
        0.54296875
      ],
      "wm_A": [
        7.4375,
        3.5625,
        3.375,
        3.578125,
        3.1875,
        11.3125,
        3.28125,
        4.15625
      ],
      "wm_B": [
        8.375,
        4.40625,
        4.78125,
        5.75,
        3.109375,
        12.375,
        3.3125,
        5.6875
      ],
      "action_nll": [
        2.90625,
        1.8203125,
        1.5546875,
        1.78125,
        2.125,
        2.0,
        0.625,
        1.140625
      ]
    },
    {
      "idx": 6,
      "success": false,
      "obs_nll_last": [
        0.0,
        2.578125,
        0.80859375,
        0.75,
        1.609375,
        4.65625,
        0.90625,
        0.1640625
      ],
      "wm_A": [
        2.234375,
        0.447265625,
        1.3515625,
        3.203125,
        9.625,
        4.21875,
        2.203125,
        3.703125
      ],
      "wm_B": [
        2.78125,
        3.09375,
        2.90625,
        4.71875,
        8.0,
        4.75,
        2.75,
        4.75
      ],
      "action_nll": [
        3.671875,
        1.9765625,
        2.625,
        1.640625,
        1.546875,
        1.625,
        1.3359375,
        1.859375
      ]
    },
    {
      "idx": 7,
      "success": false,
      "obs_nll_last": [
        0.0,
        3.734375,
        3.296875,
        2.03125,
        2.109375,
        2.328125,
        0.84375,
        0.54296875
      ],
      "wm_A": [
        3.109375,
        4.40625,
        3.5,
        2.90625,
        3.203125,
        1.0859375,
        1.6953125,
        3.734375
      ],
      "wm_B": [
        8.8125,
        5.1875,
        4.125,
        3.515625,
        4.9375,
        0.98828125,
        2.765625,
        4.90625
      ],
      "action_nll": [
        3.3125,
        2.0625,
        2.578125,
        0.8828125,
        1.7578125,
        0.66796875,
        0.46875,
        1.25
      ]
    },
    {
      "idx": 8,
      "success": false,
      "obs_nll_last": [
        0.0,
        2.65625,
        2.671875,
        1.1484375,
        0.89453125,
        3.34375,
        3.5,
        1.4375
      ],
      "wm_A": [
        2.328125,
        4.3125,
        1.9296875,
        2.4375,
        7.0625,
        4.6875,
        2.953125,
        7.21875
      ],
      "wm_B": [
        3.640625,
        5.46875,
        1.890625,
        3.9375,
        8.3125,
        11.4375,
        3.109375,
        6.8125
      ],
      "action_nll": [
        1.859375,
        2.125,
        1.984375,
        0.94921875,
        0.6015625,
        1.4140625,
        1.3984375,
        1.53125
      ]
    },
    {
      "idx": 9,
      "success": false,
      "obs_nll_last": [
        0.0,
        2.90625,
        2.59375,
        3.5,
        1.4453125,
        1.5078125,
        1.515625,
        1.296875
      ],
      "wm_A": [
        1.9921875,
        5.75,
        7.65625,
        5.125,
        6.65625,
        7.59375,
        3.90625,
        2.53125
      ],
      "wm_B": [
        3.3125,
        6.90625,
        8.125,
        5.25,
        7.0,
        6.6875,
        4.625,
        2.96875
      ],
      "action_nll": [
        2.484375,
        1.953125,
        1.75,
        1.2734375,
        1.171875,
        0.9609375,
        1.3359375,
        1.484375
      ]
    },
    {
      "idx": 10,
      "success": false,
      "obs_nll_last": [
        0.0,
        4.375,
        2.6875,
        1.15625,
        0.28515625,
        1.0234375,
        1.3984375,
        1.1171875
      ],