{
  "model": "/local_nvme/guanyiming/models/Qwen/Qwen3-4B",
  "n_traj": 12,
  "n_success": 6,
  "max_steps": 8,
  "dtype": "bfloat16",
  "summary": {
    "obs_nll_last": {
      "mean": 2.707892305107527,
      "std": 2.3063401174890577,
      "n": 93
    },
    "wm_A": {
      "mean": 5.06044186827957,
      "std": 3.3036247301796133,
      "n": 93
    },
    "wm_B": {
      "mean": 5.054435483870968,
      "std": 3.0953561756206,
      "n": 93
    },
    "action_nll": {
      "mean": 2.9280073924731185,
      "std": 1.118098469119469,
      "n": 93
    },
    "wm_gap": {
      "mean": -0.00600638440860215,
      "std": 1.2939650175246635,
      "n": 93
    },
    "obs_nll_success": {
      "mean": 2.7212022569444443,
      "std": 2.5309196402872938,
      "n": 45
    },
    "obs_nll_failure": {
      "mean": 2.6954142252604165,
      "std": 2.0737478890578163,
      "n": 48
    }
  },
  "per_traj": [
    {
      "idx": 0,
      "success": true,
      "obs_nll_last": [
        0.0,
        2.796875,
        0.2109375,
        2.6875,
        0.193359375,
        4.8125,
        2.28125,
        3.5
      ],
      "wm_A": [
        2.234375,
        1.140625,
        2.59375,
        2.890625,
        11.5,
        5.90625,
        2.75,
        3.78125
      ],
      "wm_B": [
        2.859375,
        2.625,
        2.90625,
        2.734375,
        11.375,
        13.8125,
        2.796875,
        4.125
      ],
      "action_nll": [
        4.03125,
        3.0625,
        2.84375,
        1.390625,
        1.3828125,
        2.625,
        2.796875,
        3.21875
      ]
    },
    {
      "idx": 1,
      "success": true,
      "obs_nll_last": [
        0.0,
        4.71875,
        2.78125,
        1.875,
        1.8984375,
        1.6484375,
        5.53125,
        0.1982421875
      ],
      "wm_A": [
        3.40625,
        2.34375,
        4.46875,
        2.3125,
        4.34375,
        7.90625,
        2.9375,
        2.171875
      ],
      "wm_B": [
        3.53125,
        2.375,
        3.65625,
        2.46875,
        4.75,
        6.65625,
        2.640625,
        2.484375
      ],
      "action_nll": [
        3.40625,
        3.6875,
        3.484375,
        2.09375,
        2.75,
        2.21875,
        1.4765625,
        3.171875
      ]
    },
    {
      "idx": 2,
      "success": true,
      "obs_nll_last": [
        0.0,
        5.15625,
        1.75,
        5.96875,
        1.78125,
        1.9296875
      ],
      "wm_A": [
        2.296875,
        2.796875,
        5.75,
        3.53125,
        2.34375,
        3.75
      ],
      "wm_B": [
        2.625,
        2.6875,
        5.0,
        3.28125,
        2.125,
        4.375
      ],
      "action_nll": [
        3.03125,
        4.375,
        3.1875,
        5.625,
        1.09375,
        3.0
      ]
    },
    {
      "idx": 3,
      "success": true,
      "obs_nll_last": [
        0.0,
        3.53125,
        3.03125,
        1.53125,
        3.015625,
        5.6875,
        3.328125
      ],
      "wm_A": [
        2.609375,
        2.28125,
        2.328125,
        4.8125,
        10.9375,
        8.5,
        8.0625
      ],
      "wm_B": [
        2.296875,
        2.34375,
        2.734375,
        3.625,
        8.75,
        11.0625,
        7.3125
      ],
      "action_nll": [
        3.21875,
        2.828125,
        3.578125,
        2.015625,
        2.578125,
        3.171875,
        2.1875
      ]
    },
    {
      "idx": 4,
      "success": true,
      "obs_nll_last": [
        0.0,
        12.0,
        4.1875,
        2.96875,
        3.8125,
        1.3046875,
        1.9296875,
        1.8125
      ],
      "wm_A": [
        14.125,
        8.0625,
        11.5,
        4.71875,
        11.0625,
        2.546875,
        2.34375,
        10.8125
      ],
      "wm_B": [
        11.625,
        6.8125,
        11.6875,
        3.609375,
        11.4375,
        2.453125,
        2.859375,
        9.125
      ],
      "action_nll": [
        3.859375,
        3.9375,
        1.4921875,
        1.6328125,
        1.65625,
        2.96875,
        1.7578125,
        1.7109375
      ]
    },
    {
      "idx": 5,
      "success": true,
      "obs_nll_last": [
        0.0,
        11.25,
        2.0625,
        0.84375,
        2.796875,
        1.9375,
        3.078125,
        0.625
      ],
      "wm_A": [
        11.125,
        3.828125,
        2.46875,
        4.1875,
        3.1875,
        9.8125,
        2.5625,
        5.65625
      ],
      "wm_B": [
        9.4375,
        2.953125,
        2.28125,
        5.84375,
        3.03125,
        9.9375,
        2.21875,
        4.4375
      ],
      "action_nll": [
        3.296875,
        4.15625,
        3.8125,
        4.34375,
        3.75,
        2.71875,
        1.3671875,
        1.484375
      ]
    },
    {
      "idx": 6,
      "success": false,
      "obs_nll_last": [
        0.0,
        3.421875,
        1.453125,
        0.86328125,
        2.65625,
        5.84375,
        2.015625,
        0.1572265625
      ],
      "wm_A": [
        2.375,
        0.6640625,
        1.40625,
        4.34375,
        14.875,
        3.921875,
        2.453125,
        3.375
      ],
      "wm_B": [
        2.640625,
        2.90625,
        2.734375,
        4.75,
        14.375,
        3.8125,
        2.484375,
        3.890625
      ],
      "action_nll": [
        4.8125,
        4.46875,
        5.65625,
        3.125,
        3.296875,
        3.734375,
        2.171875,
        3.328125
      ]
    },
    {
      "idx": 7,
      "success": false,
      "obs_nll_last": [
        0.0,
        5.96875,
        5.0,
        2.890625,
        2.421875,
        4.28125,
        1.1796875,
        0.46875
      ],
      "wm_A": [
        4.1875,
        4.84375,
        3.65625,
        3.890625,
        4.875,
        0.96484375,
        2.390625,
        5.1875
      ],
      "wm_B": [
        7.3125,
        4.21875,
        3.4375,
        2.84375,
        4.0,
        0.9765625,
        2.453125,
        4.6875
      ],
      "action_nll": [
        4.90625,
        4.0625,
        5.0,
        1.9296875,
        2.8125,
        1.515625,
        1.90625,
        1.921875
      ]
    },
    {
      "idx": 8,
      "success": false,
      "obs_nll_last": [
        0.0,
        5.03125,
        5.0625,
        1.3984375,
        0.3203125,
        5.78125,
        3.09375,
        1.65625
      ],
      "wm_A": [
        2.921875,
        5.15625,
        1.8359375,
        2.125,
        12.25,
        8.125,
        4.0,
        12.3125
      ],
      "wm_B": [
        3.5625,
        5.34375,
        1.8515625,
        3.75,
        9.25,
        10.25,
        3.40625,
        9.8125
      ],
      "action_nll": [
        2.78125,
        4.90625,
        3.3125,
        1.4375,
        1.4765625,
        2.890625,
        1.9375,
        2.03125
      ]
    },
    {
      "idx": 9,
      "success": false,
      "obs_nll_last": [
        0.0,
        4.28125,
        5.5,
        4.03125,
        3.953125,
        0.859375,
        3.5,
        1.1328125
      ],
      "wm_A": [
        2.6875,
        6.125,
        10.625,
        4.8125,
        10.875,
        8.8125,
        3.328125,
        2.546875
      ],
      "wm_B": [
        3.25,
        7.40625,
        10.125,
        5.0,
        9.6875,
        8.25,
        3.53125,
        2.421875
      ],
      "action_nll": [
        4.1875,
        4.59375,
        3.53125,
        1.9296875,
        2.34375,
        1.4140625,
        2.265625,
        2.21875
      ]
    },
    {
      "idx": 10,
      "success": false,
      "obs_nll_last": [
        0.0,
        7.5625,
        3.40625,
        1.2421875,
        0.3671875,
        2.03125,
        1.6015625,
        1.4765625
      ],