{
  "run_tag": "observe_lmlyvpa6",
  "n_steps": 151,
  "keys": {
    "obs": "observe/obs_s_theta_mean_mean",
    "sr": "episode/success_rate",
    "val": "val/success_rate"
  },
  "A1": {
    "global_levels_obs_vs_sr": {
      "n": 120,
      "pearson": 0.11441284780961343,
      "pearson_p": 0.21338845115155572,
      "spearman": 0.2625554837348469,
      "spearman_p": 0.003766866090942721
    },
    "global_diffs_obs_vs_sr": {
      "n": 90,
      "pearson": -0.12437386119188797,
      "pearson_p": 0.24282206726932448,
      "spearman": -0.10737498111633995,
      "spearman_p": 0.3137785070669843
    },
    "global_levels_obs_vs_val": {
      "n": 30,
      "pearson": 0.13949949725454094,
      "pearson_p": 0.4622115106928387,
      "spearman": 0.26978298665739475,
      "spearman_p": 0.14936858655255758
    },
    "global_levels_observe/obs_wm_s_mean_vs_sr": {
      "n": 120,
      "pearson": -0.33214561315145436,
      "pearson_p": 0.00021040933231126834,
      "spearman": -0.2090353889117555,
      "spearman_p": 0.021947555705942014
    },
    "global_levels_observe/obs_wm_s_B_mean_vs_sr": {
      "n": 120,
      "pearson": -0.3739484464664273,
      "pearson_p": 2.585468184165221e-05,
      "spearman": -0.29564139049944405,
      "spearman_p": 0.0010443673915306886
    },
    "global_levels_observe/obs_delta_s_mean_mean_vs_sr": {
      "n": 120,
      "pearson": 0.35017732617492586,
      "pearson_p": 8.82784255117513e-05,
      "spearman": 0.4957940922862118,
      "spearman_p": 8.523181569479455e-09
    },
    "global_levels_observe/obs_step_entropy_mean_mean_vs_sr": {
      "n": 120,
      "pearson": 0.24331211693246804,
      "pearson_p": 0.007410299712073078,
      "spearman": 0.2762471279788811,
      "spearman_p": 0.0022571962932299754
    },
    "rolling_window": {
      "window": 30,
      "series": [
        [
          0,
          -0.18641043999882884,
          12
        ],
        [
          1,
          -0.13543372520429897,
          13
        ],
        [
          2,
          -0.13154786925199768,
          14
        ],
        [
          3,
          -0.0674901498287337,
          15
        ],
        [
          4,
          -0.17761406231501908,
          16
        ],
        [
          5,
          -0.17761406231501908,
          16
        ],
        [
          6,
          -0.23633044716085033,
          17
        ],
        [
          7,
          -0.29994771213239646,
          18
        ],
        [
          8,
          -0.2876716097899422,
          19
        ],
        [
          9,
          -0.2957194114074798,
          20
        ],
        [
          10,
          -0.2957194114074798,
          20
        ],
        [
          11,
          -0.3900433343289943,
          21
        ],
        [
          12,
          -0.38885872701396423,
          22
        ],
        [
          13,
          -0.38815940418984585,
          23
        ],
        [
          14,
          -0.4045084648192693,
          24
        ],
        [
          15,
          -0.4045084648192693,
          24
        ],
        [
          16,
          -0.5040381754229214,
          25
        ],
        [
          17,
          -0.4799670079447044,
          25
        ],
        [
          18,
          -0.43759541084444953,
          25
        ],
        [
          19,
          -0.47964179453526923,
          25
        ],
        [
          20,
          -0.44013712178099135,
          24
        ],
        [
          21,
          -0.44814740350893023,
          25
        ],
        [
          22,
          -0.5075865362876179,
          25
        ],
        [
          23,
          -0.5330144604122383,
          25
        ],
        [
          24,
          -0.47790537498501096,
          25
        ],
        [
          25,
          -0.46934528320369945,
          24
        ],
        [
          26,
          -0.5018461324605258,
          25
        ],
        [
          27,
          -0.5297139261881348,
          25
        ],
        [
          28,
          -0.5678611910155145,
          25
        ],
        [
          29,
          -0.540112486585166,
          25
        ],
        [
          30,
          -0.5196312806535448,
          24
        ],
        [
          31,
          -0.48056641606629985,
          25
        ],
        [
          32,
          -0.49687375096716846,
          25
        ],
        [
          33,
          -0.46520721686813044,
          25
        ],
        [
          34,
          -0.480104534451776,
          25
        ],
        [
          35,
          -0.5129413562173236,
          24
        ],
        [
          36,
          -0.5123844681436812,
          25
        ],
        [
          37,
          -0.5198586360229619,
          25
        ],
        [
          38,
          -0.5639718787216086,
          25
        ],
        [
          39,
          -0.538807600973784,
          25
        ],
        [
          40,
          -0.5110943918402041,
          24
        ],
        [
          41,
          -0.4910820361469185,
          25
        ],
        [
          42,
          -0.518740245104996,
          25
        ],
        [
          43,
          -0.4444417239592956,
          25
        ],
        [
          44,
          -0.3806180019433494,
          25
        ],
        [
          45,
          -0.3629387174491016,
          24
        ],
        [
          46,
          -0.2302548289005799,
          25
        ],
        [
          47,
          -0.22940423693119408,
          25
        ],
        [
          48,
          -0.17460520290630863,
          25
        ],
        [
          49,
          -0.026598312456509524,
          25
        ],
        [
          50,
          -0.03575823992240908,
          24
        ],
        [
          51,
          -0.011896257164013272,
          25
        ],
        [
          52,
          0.07411401770304696,
          25
        ],
        [
          53,
          0.1954851051125112,
          25
        ],
        [
          54,
          0.21277899438744197,
          25
        ],
        [
          55,
          0.21752620766444836,
          24
        ],
        [
          56,
          0.2192498165339093,
          25
        ],
        [
          57,
          0.22814006171646284,
          25
        ],
        [
          58,
          0.2487885016958536,
          25
        ],
        [
          59,
          0.08864660390374407,
          25
        ],
        [
          60,
          0.07526607654075235,
          24
        ],
        [
          61,
          0.03393326403006227,
          25
        ],
        [
          62,
          0.05162634821224876,
          25
        ],
        [
          63,
          0.04777326508828384,
          25
        ],
        [
          64,
          0.20103905247921577,
          25
        ],
        [
          65,
          0.20312770459892204,
          24
        ],
        [
          66,
          0.19280876755743662,
          25
        ],
        [
          67,
          0.21030140105290943,
          25
        ],
        [
          68,
          0.19808309429628268,
          25
        ],
        [
          69,
          0.1974823523380909,
          25
        ],
        [
          70,
          0.19250700866349738,
          24
        ],
        [
          71,
          0.2667501362271996,
          25
        ],
        [
          72,
          0.3094044019923393,
          25
        ],
        [
          73,
          0.27390271112689485,
          25
        ],
        [
          74,
          0.12533545817397096,
          25
        ],
        [
          75,
          0.026821997541848885,
          24
        ],
        [
          76,
          0.023830393430340845,
          25
        ],
        [
          77,
          0.011625138237594274,
