{
  "run_tag": "dualtoken_l49ikuco",
  "n_steps": 151,
  "keys": {
    "obs": "observe/obs_s_theta_mean_mean",
    "sr": "episode/success_rate",
    "val": "val/success_rate"
  },
  "A1": {
    "global_levels_obs_vs_sr": {
      "n": 150,
      "pearson": -0.3226435322159572,
      "pearson_p": 5.655766793407652e-05,
      "spearman": -0.18666342424624893,
      "spearman_p": 0.022186095619247954
    },
    "global_diffs_obs_vs_sr": {
      "n": 149,
      "pearson": -0.034604262972945735,
      "pearson_p": 0.6752402396334775,
      "spearman": -0.012021314318521555,
      "spearman_p": 0.884309572836718
    },
    "global_levels_obs_vs_val": {
      "n": 15,
      "pearson": -0.02166373823064166,
      "pearson_p": 0.9389159391166061,
      "spearman": -0.03932083786383928,
      "spearman_p": 0.8893476476289427
    },
    "global_levels_observe/obs_wm_s_mean_vs_sr": {
      "n": 150,
      "pearson": -0.5722911486075307,
      "pearson_p": 2.000374415565383e-14,
      "spearman": -0.3854175495837956,
      "spearman_p": 1.1137358067245106e-06
    },
    "global_levels_observe/obs_wm_s_B_mean_vs_sr": {
      "n": 150,
      "pearson": -0.5784582419165623,
      "pearson_p": 9.029773380738484e-15,
      "spearman": -0.4127838974428896,
      "spearman_p": 1.5271816329813044e-07
    },
    "global_levels_observe/obs_delta_s_mean_mean_vs_sr": {
      "n": 150,
      "pearson": -0.43650886510015097,
      "pearson_p": 2.3496391054759932e-08,
      "spearman": -0.13821703950875466,
      "spearman_p": 0.09165128704703086
    },
    "global_levels_observe/obs_step_entropy_mean_mean_vs_sr": {
      "n": 150,
      "pearson": 0.03017138870079164,
      "pearson_p": 0.7139809894387084,
      "spearman": -0.01306876927782716,
      "spearman_p": 0.8738840524921658
    },
    "rolling_window": {
      "window": 30,
      "series": [
        [
          0,
          -0.2838212239921096,
          15
        ],
        [
          1,
          -0.2617619852946638,
          16
        ],
        [
          2,
          -0.22275440771611096,
          17
        ],
        [
          3,
          -0.25410406179136835,
          18
        ],
        [
          4,
          -0.2387248307396046,
          19
        ],
        [
          5,
          -0.24978543867856387,
          20
        ],
        [
          6,
          -0.2831061055911589,
          21
        ],
        [
          7,
          -0.3799494709007985,
          22
        ],
        [
          8,
          -0.3639877130837645,
          23
        ],
        [
          9,
          -0.38489410609729596,
          24
        ],
        [
          10,
          -0.37928870091854183,
          25
        ],
        [
          11,
          -0.38823454071834596,
          26
        ],
        [
          12,
          -0.4153068335040627,
          27
        ],
        [
          13,
          -0.43517123670615293,
          28
        ],
        [
          14,
          -0.4321925554688621,
          29
        ],
        [
          15,
          -0.4350485032886294,
          30
        ],
        [
          16,
          -0.44117900592167214,
          31
        ],
        [
          17,
          -0.31075590198810565,
          31
        ],
        [
          18,
          -0.27599599486862175,
          31
        ],
        [
          19,
          -0.27600211618159676,
          31
        ],
        [
          20,
          -0.27491443079884614,
          31
        ],
        [
          21,
          -0.2883100097129743,
          31
        ],
        [
          22,
          -0.3496376312069351,
          31
        ],
        [
          23,
          -0.39017440110283164,
          31
        ],
        [
          24,
          -0.3137163771958804,
          31
        ],
        [
          25,
          -0.2692522279792304,
          31
        ],
        [
          26,
          -0.29296340473391974,
          31
        ],
        [
          27,
          -0.2953722950495724,
          31
        ],
        [
          28,
          -0.2432132178297006,
          31
        ],
        [
          29,
          -0.23315856393848317,
          31
        ],
        [
          30,
          -0.3205159974197315,
          31
        ],
        [
          31,
          -0.37848916460636245,
          31
        ],
        [
          32,
          -0.41512612149839045,
          31
        ],
        [
          33,
          -0.4477686384923177,
          31
        ],
        [
          34,
          -0.445877675153082,
          31
        ],
        [
          35,
          -0.46009908906457814,
          31
        ],
        [
          36,
          -0.4301795972344058,
          31
        ],
        [
          37,
          -0.4253558978515339,
          31
        ],
        [
          38,
          -0.4303345181646068,
          31
        ],
        [
          39,
          -0.458406215237072,
          31
        ],
        [
          40,
          -0.4021627873151088,
          31
        ],
        [
          41,
          -0.35659474232067107,
          31
        ],
        [
          42,
          -0.30561389670316935,
          31
        ],
        [
          43,
          -0.3247638785303743,
          31
        ],
        [
          44,
          -0.347365323648918,
          31
        ],
        [
          45,
          -0.24785154687178812,
          31
        ],
        [
          46,
          -0.10288073751704152,
          31
        ],
        [
          47,
          -0.16132562515656307,
          31
        ],
        [
          48,
          -0.148600403252989,
          31
        ],
        [
          49,
          -0.05095881719789652,
          31
        ],
        [
          50,
          -0.024758404202459044,
          31
        ],
        [
          51,
          0.072045358226444,
          31
        ],
        [
          52,
          0.08555664502632677,
          31
        ],
        [
          53,
          0.10344836835761403,
          31
        ],
        [
          54,
          0.08857109822275656,
          31
        ],
        [
          55,
          0.06967147556659399,
          31
        ],
        [
          56,
          -0.0019490318319772063,
          31
        ],
        [
          57,
          0.05663086551150954,
          31
        ],
        [
          58,
          0.028812753591523084,
          31
        ],
        [
          59,
          0.1651421003077477,
          31
        ],
        [
          60,
          0.16528246441516115,
          31
        ],
        [
          61,
          0.11721421525869757,
          31
        ],
        [
          62,
          0.21069220529272084,
          31
        ],
        [
          63,
          0.19811677631015356,
          31
        ],
        [
          64,
          0.21607523846639398,
          31
        ],
        [
          65,
          0.20131463607508943,
          31
        ],
        [
          66,
          0.21546163840001006,
          31
        ],
        [
          67,
          0.26259592697572814,
          31
        ],
        [
          68,
          0.2616754930007965,
          31
        ],
        [
          69,
          0.2719932160754,
          31
        ],
        [
          70,
          0.29455751681306885,
          31
        ],
        [
          71,
          0.2657149723283684,
          31
        ],
        [
          72,
          0.2821493151628001,
          31
        ],
        [
          73,
          0.2710583561724913,
          31
        ],
        [
          74,
          0.33171930745248707,
          31
        ],
        [
          75,
          0.4016830045320933,
          31
        ],
        [
          76,
          0.4304465832909222,
          31
        ],
        [
          77,
          0.36965281166978786,
